名前,身長,体重,職業
福井　優也,178.0,85.0,B
九里　亜蓮,187.0,92.0,B
加藤　拓也,176.0,88.0,B
大瀬良　大地,187.0,93.0,B
今村　猛,183.0,98.0,B
岡田　明丈,185.0,90.0,B
野村　祐輔,177.0,82.0,B
永川　勝浩,188.0,98.0,B
中﨑　翔太,186.0,100.0,B
中村　恭平,185.0,82.0,B
薮田　和樹,188.0,84.0,B
横山　弘樹,187.0,86.0,B
中田　廉,189.0,91.0,B
床田　寛樹,181.0,76.0,B
江草　仁貴,178.0,83.0,B
一岡　竜司,179.0,82.0,B
高橋　昂也,181.0,87.0,B
塹江　敦哉,178.0,78.0,B
飯田　哲矢,182.0,80.0,B
藤井　皓哉,181.0,83.0,B
ジョンソン,193.0,93.0,B
高橋　樹也,176.0,75.0,B
小野　淳平,178.0,82.0,B
アドゥワ　誠,196.0,83.0,B
戸田　隆矢,181.0,76.0,B
辻　空,184.0,84.0,B
オスカル,178.0,78.0,B
ジャクソン,185.0,88.0,B
今井　啓介,183.0,89.0,B
長井　良太,181.0,80.0,B
ヘーゲンズ,190.0,95.0,B
中村　祐太,182.0,80.0,B
ブレイシア,183.0,102.0,B
佐藤　祥万,172.0,78.0,B
會澤　翼,177.0,91.0,B
石原　慶幸,177.0,90.0,B
白濱　裕太,180.0,92.0,B
磯村　嘉孝,178.0,89.0,B
船越　涼太,178.0,83.0,B
坂倉　将吾,176.0,82.0,B
多田　大輔,189.0,92.0,B
中村　亘佑,181.0,87.0,B
上本　崇司,170.0,71.0,B
田中　広輔,171.0,85.0,B
小窪　哲也,175.0,83.0,B
ペーニャ,180.0,91.0,B
梵　英心,173.0,76.0,B
堂林　翔太,183.0,88.0,B
新井　貴浩,189.0,102.0,B
菊池　涼介,171.0,72.0,B
桒原　樹,180.0,74.0,B
庄司　隼人,175.0,76.0,B
エルドレッド,196.0,122.0,B
美間　優槻,177.0,90.0,B
安部　友裕,181.0,81.0,B
西川　龍馬,176.0,70.0,B
青木　陸,181.0,87.0,B
バティスタ,189.0,115.0,B
メヒア,192.0,102.0,B
丸　佳浩,177.0,90.0,B
岩本　貴裕,182.0,96.0,B
下水流　昂,178.0,91.0,B
野間　峻祥,180.0,83.0,B
赤松　真人,182.0,75.0,B
土生　翔平,180.0,87.0,B
松山　竜平,176.0,98.0,B
天谷　宗一郎,178.0,87.0,B
髙橋　大樹,181.0,85.0,B
鈴木　誠也,181.0,90.0,B
森福　允彦,172.0,66.0,B
澤村　拓一,184.0,102.0,B
大竹　寛,184.0,94.0,B
杉内　俊哉,175.0,82.0,B
菅野　智之,186.0,92.0,B
マシソン,191.0,104.0,B
吉川　光夫,178.0,76.0,B
内海　哲也,186.0,95.0,B
畠　世周,186.0,78.0,B
宮國　椋丞,186.0,84.0,B
西村　健太朗,184.0,94.0,B
桜井　俊貴,181.0,82.0,B
田原　誠次,180.0,80.0,B
マイコラス,196.0,100.0,B
谷岡　竜平,181.0,79.0,B
山口　俊,187.0,97.0,B
カミネロ,193.0,111.0,B
今村　信貴,180.0,84.0,B
與那原　大剛,190.0,89.0,B
山口　鉄也,184.0,88.0,B
池田　駿,174.0,71.0,B
戸根　千明,174.0,97.0,B
髙田　萌生,178.0,75.0,B
高木　勇人,178.0,90.0,B
乾　真大,176.0,82.0,B
江柄子　裕樹,184.0,82.0,B
大江　竜聖,173.0,78.0,B
田口　麗斗,171.0,83.0,B
中川　皓太,183.0,86.0,B
篠原　慎平,186.0,97.0,B
巽　大介,183.0,85.0,B
長谷川　潤,186.0,82.0,B
廖任磊,201.0,125.0,B
小林　誠司,178.0,83.0,B
相川　亮二,183.0,86.0,B
實松　一成,177.0,85.0,B
宇佐見　真吾,181.0,87.0,B
田中　貴也,178.0,80.0,B
松崎　啄也,174.0,90.0,B
河野　元貴,180.0,83.0,B
鬼屋敷　正人,178.0,84.0,B
寺内　崇幸,177.0,73.0,B
吉川　尚輝,177.0,79.0,B
坂本　勇人,186.0,83.0,B
片岡　治大,176.0,80.0,B
阿部　慎之助,180.0,97.0,B
脇谷　亮太,177.0,77.0,B
村田　修一,177.0,92.0,B
マギー,185.0,100.0,B
岡本　和真,185.0,96.0,B
山本　泰寛,176.0,76.0,B
藤村　大介,174.0,74.0,B
柿澤　貴裕,179.0,80.0,B
中井　大介,183.0,88.0,B
辻　東倫,181.0,83.0,B
和田　恋,180.0,84.0,B
吉川　大幾,176.0,80.0,B
増田　大輝,172.0,65.0,B
陽　岱鋼,183.0,89.0,B
ギャレット,196.0,107.0,B
長野　久義,180.0,85.0,B
亀井　善行,178.0,82.0,B
松本　哲也,168.0,70.0,B
橋本　到,172.0,78.0,B
重信　慎之介,173.0,70.0,B
石川　慎吾,178.0,76.0,B
堂上　剛裕,184.0,93.0,B
立岡　宗一郎,181.0,81.0,B
北　篤,183.0,86.0,B
青山　誠,185.0,85.0,B
熊原　健人,178.0,85.0,B
小林　寛,180.0,87.0,B
水野　滉也,175.0,74.0,B
石田　健大,180.0,85.0,B
井納　翔一,188.0,91.0,B
加賀　繁,182.0,84.0,B
三嶋　一輝,176.0,80.0,B
山﨑　康晃,178.0,85.0,B
須田　幸太,176.0,72.0,B
今永　昇太,177.0,80.0,B
高崎　健太郎,176.0,82.0,B
林　昌範,186.0,80.0,B
濵口　遥大,173.0,80.0,B
久保　康友,180.0,81.0,B
福地　元春,182.0,94.0,B
尾仲　祐哉,173.0,72.0,B
飯塚　悟史,188.0,85.0,B
平田　真吾,182.0,80.0,B
三上　朋也,190.0,90.0,B
大原　慎司,174.0,66.0,B
進藤　拓也,186.0,90.0,B
綾部　翔,189.0,90.0,B
田中　健二朗,179.0,75.0,B
砂田　毅樹,179.0,78.0,B
京山　将弥,182.0,75.0,B
クライン,201.0,116.0,B
パットン,185.0,91.0,B
小杉　陽太,187.0,78.0,B
ウィーランド,188.0,93.0,B
野川　拓斗,170.0,78.0,B
平良　拳太郎,180.0,76.0,B
エスコバー,188.0,102.0,B
国吉　佑樹,196.0,100.0,B
藤岡　好明,177.0,81.0,B
柿田　裕太,182.0,84.0,B
戸柱　恭孝,179.0,87.0,B
髙城　俊人,176.0,86.0,B
嶺井　博希,175.0,85.0,B
西森　将司,182.0,80.0,B
山崎　憲晴,176.0,80.0,B
ロペス,183.0,103.0,B
倉本　寿彦,180.0,82.0,B
白崎　浩之,184.0,89.0,B
石川　雄洋,183.0,78.0,B
松尾　大河,174.0,75.0,B
柴田　竜拓,167.0,68.0,B
狩野　行寿,180.0,80.0,B
山下　幸輝,173.0,72.0,B
飛雄馬,181.0,88.0,B
エリアン,180.0,93.0,B
佐野　恵太,178.0,84.0,B
宮﨑　敏郎,172.0,85.0,B
Ｇ．後藤　武敏,176.0,84.0,B
百瀬　大騎,175.0,70.0,B
田中　浩康,177.0,80.0,B
シリアコ,191.0,102.0,B
梶谷　隆幸,180.0,85.0,B
荒波　翔,179.0,78.0,B
筒香　嘉智,185.0,97.0,B
乙坂　智,182.0,83.0,B
桑原　将志,174.0,78.0,B
下園　辰哉,179.0,81.0,B
細川　成也,179.0,86.0,B
青柳　昴樹,182.0,84.0,B
白根　尚貴,186.0,90.0,B
松本　啓二朗,182.0,85.0,B
関根　大気,173.0,75.0,B
榎田　大樹,181.0,92.0,B
能見　篤史,180.0,72.0,B
横山　雄哉,183.0,83.0,B
安藤　優也,184.0,99.0,B
岩貞　祐太,183.0,84.0,B
藤浪　晋太郎,197.0,89.0,B
メンデス,191.0,107.0,B
岩田　稔,179.0,94.0,B
藤川　球児,185.0,86.0,B
歳内　宏明,184.0,90.0,B
小野　泰己,184.0,75.0,B
石崎　剛,183.0,89.0,B
高宮　和也,174.0,81.0,B
才木　浩人,188.0,79.0,B
浜地　真澄,184.0,88.0,B
マテオ,188.0,107.0,B
福永　春吾,185.0,90.0,B
髙橋　聡文,176.0,86.0,B
竹安　大知,183.0,80.0,B
守屋　功輝,183.0,87.0,B
藤谷　洸介,194.0,90.0,B
秋山　拓巳,188.0,97.0,B
山本　翔也,183.0,91.0,B
青柳　晃洋,182.0,82.0,B
メッセンジャー,198.0,121.0,B
松田　遼馬,184.0,92.0,B
望月　惇志,189.0,92.0,B
桑原　謙太朗,184.0,84.0,B
柳瀬　明宏,176.0,78.0,B
岩崎　優,185.0,90.0,B
島本　浩也,176.0,69.0,B
メンドーサ,191.0,111.0,B
伊藤　和雄,186.0,95.0,B
田面　巧二郎,179.0,90.0,B
ドリス,195.0,109.0,B
坂本　誠志郎,176.0,79.0,B
長坂　拳弥,173.0,78.0,B
梅野　隆太郎,173.0,76.0,B
小豆畑　眞也,181.0,78.0,B
岡﨑　太一,180.0,84.0,B
小宮山　慎二,178.0,83.0,B
原口　文仁,182.0,88.0,B
上本　博紀,173.0,65.0,B
大和,177.0,69.0,B
鳥谷　敬,180.0,78.0,B
北條　史也,177.0,75.0,B
大山　悠輔,181.0,85.0,B
西岡　剛,182.0,84.0,B
キャンベル,191.0,98.0,B
新井　良太,188.0,99.0,B
糸原　健斗,175.0,80.0,B
森越　祐人,178.0,73.0,B
ロジャース,185.0,117.0,B
今成　亮太,178.0,80.0,B
陽川　尚将,180.0,89.0,B
荒木　郁也,183.0,69.0,B
植田　海,175.0,70.0,B
西田　直斗,186.0,82.0,B
糸井　嘉男,187.0,88.0,B
福留　孝介,182.0,93.0,B
髙山　俊,181.0,86.0,B
横田　慎太郎,187.0,89.0,B
江越　大賀,182.0,80.0,B
伊藤　隼太,177.0,82.0,B
中谷　将大,187.0,89.0,B
板山　祐太郎,180.0,78.0,B
緒方　凌介,176.0,70.0,B
俊介,178.0,74.0,B
狩野　恵輔,181.0,86.0,B
由規,179.0,80.0,B
石山　泰稚,182.0,75.0,B
中尾　輝,180.0,83.0,B
秋吉　亮,182.0,73.0,B
原　樹理,180.0,79.0,B
成瀬　善久,180.0,87.0,B
寺島　成輝,183.0,90.0,B
石川　雅規,167.0,73.0,B
山本　哲哉,179.0,77.0,B
松岡　健一,181.0,85.0,B
竹下　真吾,180.0,82.0,B
星　知弥,183.0,78.0,B
館山　昌平,181.0,98.0,B
久古　健太郎,181.0,82.0,B
ブキャナン,191.0,90.0,B
小川　泰弘,171.0,80.0,B
風張　蓮,182.0,88.0,B
オーレンドルフ,193.0,108.0,B
菊沢　竜佑,183.0,85.0,B
梅野　雄吾,175.0,84.0,B
村中　恭兵,188.0,88.0,B
岩橋　慶侍,185.0,84.0,B
土肥　寛昌,181.0,88.0,B
高橋　奎二,178.0,73.0,B
ジュリアス,183.0,76.0,B
ルーキ,193.0,102.0,B
中澤　雅人,179.0,80.0,B
屋宜　照悟,178.0,84.0,B
ギルメット,188.0,90.0,B
徳山　武陽,185.0,84.0,B
平井　諒,184.0,78.0,B
山中　浩史,175.0,82.0,B
近藤　一樹,183.0,80.0,B
中島　彰吾,178.0,80.0,B
西田　明央,178.0,83.0,B
星野　雄大,177.0,80.0,B
藤井　亮太,176.0,73.0,B
中村　悠平,176.0,83.0,B
山川　晃司,184.0,87.0,B
古賀　優大,177.0,74.0,B
井野　卓,178.0,83.0,B
山田　哲人,180.0,76.0,B
大引　啓次,178.0,84.0,B
西浦　直亨,178.0,75.0,B
川端　慎吾,185.0,86.0,B
武内　晋一,175.0,90.0,B
荒木　貴裕,180.0,84.0,B
畠山　和洋,180.0,96.0,B
廣岡　大志,183.0,81.0,B
リベロ,188.0,104.0,B
グリーン,193.0,115.0,B
谷内　亮太,177.0,79.0,B
渡邉　大樹,182.0,87.0,B
奥村　展征,178.0,76.0,B
今浪　隆博,172.0,75.0,B
三輪　正義,168.0,70.0,B
大松　尚逸,184.0,93.0,B
比屋根　渉,180.0,70.0,B
バレンティン,185.0,100.0,B
飯原　誉士,181.0,88.0,B
山崎　晃大朗,173.0,68.0,B
雄平,174.0,83.0,B
坂口　智隆,181.0,82.0,B
上田　剛史,180.0,73.0,B
榎本　葵,180.0,80.0,B
原　泉,190.0,100.0,B
鵜久森　淳志,189.0,85.0,B
小笠原　慎之介,180.0,83.0,B
田島　慎二,181.0,84.0,B
岩瀬　仁紀,181.0,85.0,B
佐藤　優,187.0,85.0,B
又吉　克樹,180.0,74.0,B
柳　裕也,180.0,83.0,B
鈴木　翔太,183.0,74.0,B
吉見　一起,182.0,91.0,B
野村　亮介,187.0,85.0,B
岡田　俊哉,179.0,65.0,B
大野　雄大,183.0,78.0,B
福谷　浩司,183.0,90.0,B
武藤　祐太,178.0,85.0,B
丸山　泰資,176.0,79.0,B
山井　大介,179.0,82.0,B
阿知羅　拓馬,190.0,95.0,B
祖父江　大輔,175.0,78.0,B
福　敬登,178.0,87.0,B
浅尾　拓也,182.0,75.0,B
三ツ間　卓也,183.0,92.0,B
バルデス,180.0,95.0,B
笠原　祥太郎,177.0,85.0,B
アラウホ,200.0,125.0,B
金子　丈,189.0,90.0,B
藤嶋　健人,176.0,80.0,B
小川　龍也,182.0,70.0,B
八木　智哉,181.0,78.0,B
岸本　淳希,181.0,79.0,B
谷元　圭介,167.0,72.0,B
若松　駿太,180.0,75.0,B
小熊　凌祐,180.0,80.0,B
伊藤　準規,187.0,80.0,B
ロンドン,186.0,99.0,B
ジョーダン,183.0,88.0,B
木下　拓哉,183.0,92.0,B
松井　雅人,179.0,78.0,B
加藤　匠馬,175.0,74.0,B
桂　依央利,185.0,83.0,B
杉山　翔大,173.0,88.0,B
武山　真吾,179.0,88.0,B
赤田　龍一郎,178.0,80.0,B
岩﨑　達郎,175.0,75.0,B
荒木　雅博,180.0,74.0,B
高橋　周平,180.0,85.0,B
阿部　寿樹,185.0,80.0,B
森野　将彦,180.0,85.0,B
石川　駿,178.0,82.0,B
遠藤　一星,182.0,78.0,B
石垣　雅海,180.0,85.0,B
石岡　諒太,187.0,90.0,B
三ツ俣　大樹,177.0,80.0,B
ゲレーロ,182.0,99.0,B
溝脇　隼人,178.0,70.0,B
京田　陽太,182.0,80.0,B
亀澤　恭平,174.0,74.0,B
福田　永将,181.0,80.0,B
堂上　直倫,184.0,82.0,B
谷　哲也,180.0,78.0,B
友永　翔太,170.0,74.0,B
藤井　淳志,182.0,81.0,B
平田　良介,177.0,88.0,B
大島　洋平,176.0,74.0,B
井領　雅貴,174.0,82.0,B
野本　圭,180.0,81.0,B
古本　武尊,176.0,87.0,B
松井　佑介,183.0,83.0,B
工藤　隆人,171.0,73.0,B
ビシエド,185.0,108.0,B
近藤　弘基,179.0,78.0,B
赤坂　和幸,185.0,83.0,B
斎藤　佑樹,176.0,76.0,B
大谷　翔平,193.0,97.0,B
石井　裕也,178.0,77.0,B
加藤　貴之,182.0,86.0,B
有原　航平,189.0,100.0,B
浦野　博司,178.0,70.0,B
増井　浩俊,181.0,70.0,B
上原　健太,190.0,83.0,B
武田　久,170.0,73.0,B
宮西　尚生,180.0,75.0,B
新垣　勇人,183.0,86.0,B
井口　和朋,175.0,77.0,B
鍵谷　陽平,177.0,83.0,B
村田　透,183.0,80.0,B
堀　瑞輝,177.0,72.0,B
榎下　陽大,178.0,77.0,B
中村　勝,184.0,83.0,B
高梨　裕稔,187.0,85.0,B
高良　一輝,178.0,78.0,B
白村　明弘,187.0,84.0,B
瀬川　隼郎,177.0,84.0,B
田中　豊樹,180.0,94.0,B
高山　優希,181.0,78.0,B
公文　克彦,173.0,78.0,B
石川　直也,191.0,85.0,B
立田　将太,180.0,87.0,B
玉井　大翔,178.0,78.0,B
マーティン,203.0,98.0,B
杉浦　稔大,189.0,86.0,B
吉田　侑樹,187.0,83.0,B
上沢　直之,187.0,88.0,B
近藤　健介,173.0,87.0,B
清水　優心,185.0,88.0,B
大野　奨太,177.0,78.0,B
黒羽根　利規,178.0,88.0,B
市川　友也,176.0,81.0,B
郡　拓也,178.0,76.0,B
大嶋　匠,180.0,97.0,B
石川　亮,180.0,84.0,B
杉谷　拳士,173.0,77.0,B
田中　賢介,176.0,78.0,B
飯山　裕志,178.0,78.0,B
レアード,185.0,98.0,B
中田　翔,183.0,104.0,B
中島　卓也,176.0,73.0,B
松本　剛,181.0,78.0,B
渡邉　諒,178.0,78.0,B
森本　龍弥,185.0,101.0,B
大累　進,175.0,73.0,B
石井　一成,180.0,77.0,B
平沼　翔太,179.0,78.0,B
横尾　俊建,177.0,90.0,B
髙濱　祐仁,183.0,84.0,B
太田　賢吾,186.0,81.0,B
今井　順之助,177.0,88.0,B
西川　遥輝,179.0,76.0,B
岡　大海,185.0,77.0,B
淺間　大基,183.0,79.0,B
大田　泰示,188.0,95.0,B
矢野　謙次,178.0,85.0,B
森山　恵佑,188.0,92.0,B
宇佐美　塁大,177.0,80.0,B
ドレイク,183.0,90.0,B
姫野　優也,184.0,81.0,B
谷口　雄也,182.0,87.0,B
岸里　亮佑,180.0,71.0,B
中田　賢一,180.0,83.0,B
二保　旭,182.0,78.0,B
加治屋　蓮,185.0,87.0,B
東浜　巨,182.0,75.0,B
岩嵜　翔,189.0,81.0,B
松坂　大輔,183.0,93.0,B
寺原　隼人,180.0,83.0,B
和田　毅,179.0,82.0,B
田中　正義,186.0,90.0,B
大隣　憲司,175.0,89.0,B
石川　柊太,185.0,86.0,B
武田　翔太,186.0,85.0,B
山田　大樹,189.0,99.0,B
モイネロ,178.0,69.0,B
森　唯斗,176.0,90.0,B
島袋　洋奨,174.0,75.0,B
小澤　怜史,181.0,81.0,B
千賀　滉大,186.0,86.0,B
飯田　優也,186.0,83.0,B
バンデンハーク,198.0,105.0,B
髙橋　純平,182.0,80.0,B
岡本　健,179.0,84.0,B
古谷　優人,176.0,76.0,B
攝津　正,181.0,94.0,B
五十嵐　亮太,178.0,94.0,B
星野　大地,180.0,87.0,B
嘉弥真　新也,173.0,68.0,B
サファテ,193.0,102.0,B
笠原　大芽,186.0,87.0,B
松本　裕樹,182.0,80.0,B
笠谷　俊介,173.0,72.0,B
スアレス,188.0,95.0,B
髙谷　裕亮,179.0,84.0,B
斐紹,179.0,93.0,B
栗原　陵矢,177.0,72.0,B
鶴岡　慎也,175.0,78.0,B
谷川原　健太,174.0,82.0,B
甲斐　拓也,170.0,75.0,B
九鬼　隆平,180.0,82.0,B
張本　優大,181.0,86.0,B
川瀬　晃,175.0,60.0,B
髙田　知季,176.0,72.0,B
今宮　健太,172.0,76.0,B
松田　宣浩,180.0,88.0,B
川島　慶三,172.0,70.0,B
明石　健志,175.0,66.0,B
ジェンセン,190.0,109.0,B
牧原　大成,173.0,70.0,B
本多　雄一,175.0,71.0,B
川﨑　宗則,180.0,75.0,B
茶谷　健太,185.0,81.0,B
古澤　勝吾,177.0,79.0,B
黒瀬　健太,181.0,90.0,B
三森　大貴,184.0,70.0,B
曽根　海成,175.0,67.0,B
内川　聖一,185.0,90.0,B
吉村　裕基,182.0,85.0,B
中村　晃,175.0,83.0,B
柳田　悠岐,188.0,93.0,B
城所　龍磨,177.0,75.0,B
長谷川　勇也,180.0,86.0,B
塚田　正義,177.0,80.0,B
福田　秀平,182.0,79.0,B
江川　智晃,180.0,86.0,B
上林　誠知,184.0,79.0,B
デスパイネ,175.0,95.0,B
釜元　豪,180.0,76.0,B
真砂　勇介,185.0,80.0,B
佐々木　千隼,181.0,83.0,B
石川　歩,186.0,80.0,B
大谷　智久,176.0,82.0,B
関谷　亮太,180.0,84.0,B
涌井　秀章,185.0,85.0,B
藤岡　貴裕,183.0,85.0,B
唐川　侑己,181.0,80.0,B
東條　大樹,177.0,81.0,B
内　竜也,182.0,87.0,B
酒居　知史,178.0,80.0,B
古谷　拓哉,180.0,74.0,B
松永　昂大,175.0,82.0,B
西野　勇士,182.0,82.0,B
大嶺　祐太,184.0,80.0,B
田中　英祐,180.0,75.0,B
南　昌輝,182.0,88.0,B
土肥　星也,186.0,82.0,B
有吉　優樹,178.0,87.0,B
島　孝明,180.0,82.0,B
成田　翔,170.0,70.0,B
黒沢　翔太,181.0,84.0,B
岩下　大輝,181.0,80.0,B
田中　靖洋,183.0,88.0,B
宮﨑　敦次,171.0,72.0,B
チェン・グァンユウ,179.0,75.0,B
信樂　晃史,180.0,84.0,B
益田　直也,177.0,80.0,B
スタンリッジ,191.0,110.0,B
原　嵩,185.0,85.0,B
高野　圭佑,178.0,76.0,B
阿部　和成,183.0,80.0,B
種市　篤暉,183.0,83.0,B
二木　康太,187.0,85.0,B
金森　敬之,183.0,87.0,B
田村　龍弘,174.0,80.0,B
吉田　裕太,183.0,94.0,B
金澤　岳,180.0,82.0,B
寺嶋　寛大,184.0,84.0,B
宗接　唯人,183.0,90.0,B
江村　直也,176.0,83.0,B
柿沼　友哉,180.0,82.0,B
根元　俊一,177.0,77.0,B
ダフィー,191.0,98.0,B
井口　資仁,178.0,91.0,B
鈴木　大地,175.0,79.0,B
中村　奨吾,180.0,79.0,B
福浦　和也,183.0,88.0,B
平沢　大河,176.0,76.0,B
髙濱　卓也,184.0,84.0,B
三木　亮,175.0,78.0,B
パラデス,191.0,91.0,B
井上　晴哉,180.0,114.0,B
大嶺　翔太,180.0,82.0,B
ペーニャ,191.0,118.0,B
香月　一也,176.0,83.0,B
細谷　圭,182.0,84.0,B
大木　貴将,174.0,73.0,B
猪本　健太郎,182.0,95.0,B
柴田　講平,177.0,78.0,B
荻野　貴司,172.0,75.0,B
清田　育宏,180.0,85.0,B
角中　勝也,180.0,85.0,B
サントス,173.0,79.0,B
伊志嶺　翔大,179.0,79.0,B
三家　和真,180.0,80.0,B
脇本　直人,180.0,80.0,B
加藤　翔平,183.0,84.0,B
岡田　幸文,177.0,70.0,B
肘井　竜蔵,182.0,88.0,B
今井　達也,180.0,70.0,B
郭　俊麟,175.0,70.0,B
増田　達至,180.0,85.0,B
大石　達也,185.0,90.0,B
菊池　雄星,184.0,100.0,B
髙橋　光成,190.0,90.0,B
多和田　真三郎,182.0,82.0,B
豊田　拓矢,176.0,85.0,B
野上　亮磨,177.0,74.0,B
十亀　剣,183.0,88.0,B
中塚　駿太,191.0,103.0,B
野田　昇吾,167.0,72.0,B
平井　克典,180.0,83.0,B
川越　誠司,174.0,85.0,B
藤原　良平,183.0,81.0,B
小石　博孝,178.0,85.0,B
岡本　洋介,177.0,80.0,B
岩尾　利弘,179.0,80.0,B
佐野　泰雄,177.0,83.0,B
牧田　和久,177.0,85.0,B
南川　忠亮,180.0,87.0,B
玉村　祐典,181.0,79.0,B
田村　伊知郎,173.0,80.0,B
誠,185.0,85.0,B
髙橋　朋己,174.0,83.0,B
本田　圭佑,179.0,80.0,B
シュリッター,195.0,106.0,B
武隈　祥太,180.0,86.0,B
福倉　健太郎,177.0,75.0,B
ウルフ,191.0,104.0,B
國場　翼,181.0,83.0,B
ガルセス,180.0,82.0,B
佐藤　勇,182.0,85.0,B
松本　直晃,179.0,80.0,B
藤田　航生,173.0,75.0,B
キャンデラリオ,188.0,91.0,B
ファイフ,191.0,102.0,B
森　友哉,170.0,80.0,B
炭谷　銀仁朗,181.0,93.0,B
岡田　雅利,173.0,80.0,B
上本　達之,186.0,93.0,B
駒月　仁人,176.0,93.0,B
中田　祥多,182.0,85.0,B
藤澤　亨明,180.0,83.0,B
水口　大地,163.0,60.0,B
木村　昇吾,183.0,78.0,B
浅村　栄斗,182.0,90.0,B
鬼﨑　裕司,177.0,77.0,B
源田　壮亮,179.0,73.0,B
渡辺　直人,173.0,73.0,B
永江　恭平,174.0,80.0,B
山川　穂高,176.0,100.0,B
呉　念庭,178.0,75.0,B
外崎　修汰,177.0,75.0,B
山田　遥楓,179.0,78.0,B
金子　一輝,182.0,75.0,B
中村　剛也,175.0,102.0,B
メヒア,198.0,118.0,B
栗山　巧,177.0,85.0,B
金子　侑司,179.0,75.0,B
大﨑　雄太朗,169.0,75.0,B
鈴木　将平,175.0,75.0,B
木村　文紀,182.0,88.0,B
愛斗,178.0,84.0,B
秋山　翔吾,184.0,85.0,B
熊代　聖人,175.0,75.0,B
田代　将太郎,178.0,75.0,B
斉藤　彰吾,179.0,80.0,B
戸川　大輔,188.0,88.0,B
坂田　遼,178.0,90.0,B
松井　裕樹,174.0,74.0,B
岸　孝之,180.0,77.0,B
則本　昂大,178.0,82.0,B
小野　郁,175.0,67.0,B
森　雄大,184.0,74.0,B
塩見　貴洋,182.0,77.0,B
藤平　尚真,185.0,85.0,B
安樂　智大,186.0,87.0,B
釜田　佳直,177.0,77.0,B
戸村　健次,185.0,76.0,B
金刃　憲人,176.0,80.0,B
石橋　良太,175.0,77.0,B
池田　隆英,181.0,85.0,B
美馬　学,169.0,75.0,B
武藤　好貴,178.0,74.0,B
西宮　悠介,180.0,80.0,B
青山　浩二,180.0,80.0,B
ハーマン,193.0,100.0,B
菅原　秀,183.0,78.0,B
濱矢　廣大,185.0,78.0,B
大塚　尚仁,175.0,70.0,B
入野　貴大,180.0,78.0,B
森原　康平,185.0,88.0,B
高梨　雄平,175.0,81.0,B
辛島　航,173.0,72.0,B
菊池　保則,180.0,80.0,B
古川　侑利,178.0,78.0,B
鶴田　圭祐,180.0,88.0,B
西口　直人,183.0,83.0,B
小山　雄輝,187.0,82.0,B
福山　博之,172.0,70.0,B
野元　浩輝,181.0,73.0,B
宮川　将,184.0,87.0,B
久保　裕也,177.0,78.0,B
コラレス,188.0,102.0,B
宋　家豪,185.0,92.0,B
今野　龍太,178.0,70.0,B
小関　翔太,181.0,81.0,B
嶋　基宏,179.0,82.0,B
下妻　貴寛,186.0,85.0,B
足立　祐一,178.0,83.0,B
伊志嶺　忠,178.0,78.0,B
堀内　謙伍,174.0,82.0,B
細川　亨,183.0,103.0,B
石原　彪,172.0,96.0,B
阿部　俊人,180.0,73.0,B
吉持　亮汰,175.0,68.0,B
茂木　栄五郎,171.0,75.0,B
藤田　一也,175.0,75.0,B
今江　年晶,180.0,89.0,B
銀次,174.0,78.0,B
内田　靖人,185.0,86.0,B
ウィーラー,178.0,100.0,B
アマダー,193.0,135.0,B
西田　哲朗,180.0,78.0,B
中川　大志,186.0,92.0,B
三好　匠,174.0,75.0,B
村林　一輝,180.0,73.0,B
クルーズ,183.0,95.0,B
岡島　豪郎,176.0,82.0,B
松井　稼頭央,177.0,85.0,B
オコエ　瑠偉,185.0,90.0,B
聖澤　諒,179.0,72.0,B
福田　将儀,174.0,76.0,B
田中　和基,181.0,75.0,B
枡田　慎太郎,178.0,80.0,B
島内　宏明,180.0,75.0,B
フェルナンド,175.0,79.0,B
ペゲーロ,192.0,119.0,B
八百板　卓丸,180.0,76.0,B
松葉　貴大,178.0,82.0,B
山岡　泰輔,172.0,68.0,B
吉田　一将,191.0,92.0,B
佐藤　達也,178.0,77.0,B
平野　佳寿,186.0,84.0,B
山﨑　福也,188.0,88.0,B
岸田　護,180.0,80.0,B
金子　千尋,180.0,77.0,B
近藤　大亮,177.0,75.0,B
西　勇輝,181.0,80.0,B
コーク,185.0,95.0,B
東明　大貴,178.0,77.0,B
青山　大紀,183.0,83.0,B
塚原　頌平,184.0,90.0,B
ウエスト,185.0,104.0,B
ディクソン,195.0,84.0,B
比嘉　幹貴,177.0,77.0,B
髙木　伴,180.0,80.0,B
小林　慶祐,187.0,86.0,B
ヘルメン,185.0,90.0,B
山本　由伸,177.0,77.0,B
海田　智行,179.0,81.0,B
齋藤　綱記,182.0,89.0,B
澤田　圭佑,178.0,96.0,B
黒木　優太,179.0,78.0,B
山田　修義,184.0,85.0,B
金田　和之,184.0,86.0,B
根本　薫,185.0,82.0,B
赤間　謙,180.0,80.0,B
山﨑　颯一郎,189.0,80.0,B
佐野　皓大,182.0,73.0,B
八木　亮祐,180.0,78.0,B
吉田　凌,181.0,75.0,B
佐藤　世那,181.0,84.0,B
鈴木　優,181.0,79.0,B
大山　暁史,168.0,74.0,B
塚田　貴之,184.0,86.0,B
伊藤　光,180.0,83.0,B
伏見　寅威,182.0,86.0,B
若月　健矢,179.0,87.0,B
飯田　大祐,181.0,85.0,B
山崎　勝己,180.0,88.0,B
中島　宏之,180.0,90.0,B
安達　了一,179.0,78.0,B
モレル,185.0,100.0,B
西野　真弘,167.0,68.0,B
宗　佑磨,181.0,78.0,B
大城　滉二,175.0,72.0,B
岩﨑　恭平,178.0,73.0,B
小谷野　栄一,177.0,88.0,B
縞田　拓弥,180.0,80.0,B
小島　脩平,177.0,78.0,B
鈴木　昂平,175.0,77.0,B
園部　聡,184.0,98.0,B
岡﨑　大輔,182.0,75.0,B
奥浪　鏡,176.0,100.0,B
駿太,180.0,83.0,B
ロメロ,188.0,100.0,B
マレーロ,191.0,95.0,B
宮﨑　祐樹,178.0,85.0,B
吉田　正尚,173.0,87.0,B
川端　崇義,176.0,80.0,B
小田　裕也,172.0,75.0,B
吉田　雄人,178.0,78.0,B
Ｔ－岡田,187.0,100.0,B
武田　健吾,183.0,82.0,B
杉本　裕太郎,190.0,94.0,B
チョン　ソンリョン,191.0,90.0,F
安藤　駿介,185.0,79.0,F
新井　章太,185.0,82.0,F
ポープ　ウィリアム,192.0,89.0,F
登里　享平,168.0,68.0,F
奈良　竜樹,180.0,77.0,F
井川　祐輔,182.0,81.0,F
車屋　紳太郎,178.0,73.0,F
武岡　優斗,178.0,73.0,F
エウシーニョ,180.0,78.0,F
エドゥアルド,184.0,84.0,F
タビナス　ジェファーソン,182.0,77.0,F
板倉　滉,186.0,75.0,F
舞行龍ジェームズ,185.0,82.0,F
谷口　彰悟,183.0,72.0,F
田坂　祐介,174.0,69.0,F
阿部　浩之,170.0,69.0,F
大島　僚太,168.0,64.0,F
三好　康児,167.0,64.0,F
中村　憲剛,175.0,66.0,F
長谷川　竜也,164.0,58.0,F
森谷　賢太郎,173.0,65.0,F
エドゥアルド　ネット,185.0,76.0,F
狩野　健太,177.0,70.0,F
田中　碧,177.0,69.0,F
脇坂　泰斗,172.0,65.0,F
守田　英正,177.0,74.0,F
三笘　薫,178.0,66.0,F
家長　昭博,173.0,70.0,F
森本　貴幸,180.0,77.0,F
小林　悠,177.0,72.0,F
知念　慶,177.0,71.0,F
ハイネル,172.0,65.0,F
大塚　翔平,177.0,72.0,F
クォン　スンテ,184.0,85.0,F
曽ヶ端　準,187.0,80.0,F
川俣　慎一郎,188.0,86.0,F
昌子　源,182.0,74.0,F
植田　直通,186.0,79.0,F
三竿　雄斗,175.0,70.0,F
山本　脩斗,180.0,69.0,F
ブエノ,182.0,79.0,F
西　大伍,176.0,73.0,F
小田　逸稀,173.0,68.0,F
伊東　幸敏,176.0,68.0,F
町田　浩樹,190.0,80.0,F
レオ　シルバ,181.0,76.0,F
永木　亮太,173.0,72.0,F
土居　聖真,172.0,63.0,F
レアンドロ,177.0,76.0,F
中村　充孝,174.0,67.0,F
三竿　健斗,181.0,73.0,F
遠藤　康,168.0,69.0,F
久保田　和音,170.0,62.0,F
梅鉢　貴秀,177.0,67.0,F
金崎　夢生,180.0,70.0,F
田中　稔也,175.0,65.0,F
小笠原　満男,173.0,72.0,F
ペドロ　ジュニオール,182.0,75.0,F
鈴木　優磨,182.0,75.0,F
金森　健志,171.0,74.0,F
安部　裕葵,171.0,65.0,F
圍　謙太朗,190.0,90.0,F
キム　ジンヒョン,192.0,82.0,F
丹野　研太,184.0,75.0,F
アン　ジュンス,188.0,78.0,F
茂木　秀,195.0,80.0,F
永石　拓海,191.0,86.0,F
林　祥太郎,184.0,69.0,F
光藤　諒也,183.0,72.0,F
松田　陸,171.0,69.0,F
茂庭　照幸,181.0,82.0,F
藤本　康太,177.0,76.0,F
田中　裕介,181.0,77.0,F
丸橋　祐介,178.0,73.0,F
酒本　憲幸,175.0,73.0,F
マテイ　ヨニッチ,187.0,83.0,F
山下　達也,182.0,73.0,F
温井　駿斗,177.0,65.0,F
舩木　翔,177.0,65.0,F
森下　怜哉,180.0,68.0,F
上田　恭平,172.0,62.0,F
梅木　絢都,180.0,66.0,F
小林　洵,187.0,72.0,F
齋藤　遼,175.0,70.0,F
瀬古　歩夢,183.0,72.0,F
ソウザ,183.0,75.0,F
関口　訓充,171.0,66.0,F
山口　蛍,173.0,72.0,F
木本　恭生,183.0,73.0,F
水沼　宏太,176.0,72.0,F
福満　隆貴,171.0,63.0,F
山村　和也,186.0,80.0,F
山内　寛史,182.0,76.0,F
秋山　大地,172.0,66.0,F
大山　武蔵,167.0,61.0,F
阪本　将基,170.0,62.0,F
沖野　将基,165.0,62.0,F
斧澤　隼輝,166.0,62.0,F
西本　雅崇,177.0,63.0,F
清武　弘嗣,172.0,66.0,F
荒木　秀太,171.0,64.0,F
有水　亮,172.0,70.0,F
喜田　陽,171.0,59.0,F
鈴木　冬一,163.0,66.0,F
谷本　駿介,171.0,75.0,F
柿谷　曜一朗,177.0,68.0,F
杉本　健勇,187.0,79.0,F
リカルド　サントス,187.0,80.0,F
澤上　竜二,181.0,77.0,F
山根　永遠,167.0,67.0,F
岸本　武流,174.0,66.0,F
米澤　令衣,176.0,65.0,F
中島　元彦,170.0,66.0,F
山田　寛人,181.0,69.0,F
桐畑　和繁,187.0,77.0,F
滝本　晴彦,190.0,79.0,F
中村　航輔,184.0,72.0,F
猿田　遥己,190.0,79.0,F
鎌田　次郎,179.0,74.0,F
ユン　ソギョン,183.0,76.0,F
中谷　進之介,184.0,79.0,F
中山　雄太,181.0,76.0,F
小池　龍太,169.0,63.0,F
橋口　拓哉,190.0,85.0,F
輪湖　直樹,171.0,65.0,F
古賀　太陽,182.0,71.0,F
今井　智基,178.0,78.0,F
中川　創,184.0,71.0,F
宮本　駿晃,171.0,65.0,F
小林　祐介,172.0,60.0,F
大谷　秀和,174.0,67.0,F
武富　孝介,173.0,69.0,F
キム　ボギョン,178.0,73.0,F
手塚　康平,176.0,66.0,F
中川　寛斗,155.0,57.0,F
栗澤　僚一,170.0,64.0,F
細貝　萌,177.0,69.0,F
クリスティアーノ,183.0,83.0,F
大津　祐樹,180.0,73.0,F
ディエゴ　オリヴェイラ,179.0,75.0,F
伊東　純也,176.0,68.0,F
ハモン　ロペス,185.0,79.0,F
大島　康樹,177.0,66.0,F
飯倉　大樹,181.0,75.0,F
鈴木　彩貴,184.0,80.0,F
杉本　大地,187.0,83.0,F
原田　岳,188.0,84.0,F
パク　ジョンス,188.0,76.0,F
栗原　勇蔵,184.0,80.0,F
金井　貢史,175.0,70.0,F
中澤　佑二,187.0,78.0,F
下平　匠,178.0,68.0,F
山中　亮輔,171.0,65.0,F
松原　健,180.0,73.0,F
ミロシュ　デゲネク,187.0,82.0,F
西山　大雅,180.0,69.0,F
喜田　拓也,169.0,63.0,F
扇原　貴宏,184.0,71.0,F
中町　公祐,174.0,74.0,F
齋藤　学,169.0,68.0,F
天野　純,175.0,64.0,F
遠藤　渓太,175.0,66.0,F
マルティノス,183.0,70.0,F
前田　直輝,175.0,66.0,F
ダビド　バブンスキー,178.0,68.0,F
吉尾　海夏,168.0,63.0,F
イッペイ　シノヅカ,177.0,67.0,F
山田　康太,172.0,57.0,F
堀　研太,164.0,64.0,F
椿　直起,169.0,58.0,F
ウーゴ　ヴィエイラ,178.0,73.0,F
伊藤　翔,184.0,76.0,F
富樫　敬真,178.0,73.0,F
八田　直樹,185.0,76.0,F
カミンスキー,191.0,82.0,F
志村　滉,186.0,76.0,F
三浦　龍輝,181.0,75.0,F
中村　太亮,183.0,67.0,F
大井　健太郎,181.0,75.0,F
櫻内　渚,176.0,73.0,F
小川　大貴,172.0,73.0,F
大南　拓磨,184.0,72.0,F
藤田　義明,180.0,76.0,F
森下　俊,178.0,71.0,F
高橋　祥平,180.0,70.0,F
上田　康太,174.0,67.0,F
ムサエフ,183.0,74.0,F
太田　吉彰,176.0,72.0,F
中村　俊輔,178.0,71.0,F
松浦　拓弥,167.0,64.0,F
宮崎　智彦,170.0,68.0,F
松本　昌也,175.0,69.0,F
アダイウトン,176.0,83.0,F
山田　大記,173.0,69.0,F
山本　康裕,179.0,79.0,F
藤川　虎太朗,171.0,66.0,F
荒木　大吾,178.0,73.0,F
上原　力也,174.0,66.0,F
針谷　岳晃,166.0,56.0,F
伊藤　洋輝,188.0,79.0,F
川辺　駿,178.0,70.0,F
齊藤　和樹,178.0,71.0,F
小川　航基,183.0,77.0,F
川又　堅碁,184.0,76.0,F
中野　誠也,172.0,67.0,F
西川　周作,183.0,81.0,F
岩舘　直,183.0,78.0,F
榎本　哲也,180.0,76.0,F
福島　春樹,182.0,78.0,F
マウリシオ,183.0,82.0,F
那須　大亮,180.0,77.0,F
槙野　智章,182.0,77.0,F
遠藤　航,178.0,75.0,F
田村　友,185.0,88.0,F
橋岡　大樹,182.0,73.0,F
森脇　良太,177.0,75.0,F
大西　翔也,175.0,69.0,F
宇賀神　友弥,172.0,71.0,F
梅崎　司,169.0,68.0,F
柏木　陽介,176.0,73.0,F
平川　忠亮,172.0,72.0,F
長澤　和輝,172.0,68.0,F
青木　拓矢,179.0,77.0,F
駒井　善成,168.0,64.0,F
阿部　勇樹,178.0,77.0,F
菊池　大介,172.0,68.0,F
矢島　慎也,171.0,67.0,F
井澤　春輝,178.0,73.0,F
荻原　拓也,175.0,69.0,F
ラファエル　シルバ,179.0,73.0,F
武藤　雄樹,170.0,68.0,F
高木　俊幸,170.0,64.0,F
オナイウ　阿道,180.0,74.0,F
李　忠成,182.0,73.0,F
ズラタン,186.0,80.0,F
興梠　慎三,175.0,72.0,F
赤星　拓,185.0,80.0,F
辻　周吾,187.0,80.0,F
板橋　洋青,185.0,75.0,F
ファンティーニ　燦,182.0,78.0,F
権田　修一,187.0,83.0,F
三丸　拡,172.0,69.0,F
キム　ミンヒョク,187.0,73.0,F
藤田　優人,176.0,75.0,F
小林　祐三,176.0,72.0,F
鄭　昇玄,188.0,89.0,F
吉田　豊,168.0,69.0,F
青木　剛,183.0,75.0,F
倉員　宏人,174.0,71.0,F
藤松　航矢,177.0,67.0,F
原川　力,175.0,72.0,F
福田　晃斗,170.0,65.0,F
河野　広貴,168.0,65.0,F
高橋　義希,170.0,67.0,F
安　庸佑,177.0,69.0,F
石川　啓人,172.0,64.0,F
谷口　博之,182.0,73.0,F
森山　真伍,169.0,63.0,F
水野　晃樹,173.0,66.0,F
趙　東建,180.0,75.0,F
豊田　陽平,185.0,79.0,F
池田　圭,178.0,72.0,F
田川　亨介,181.0,70.0,F
ビクトル　イバルボ,188.0,79.0,F
小野　裕二,170.0,69.0,F
前川　黛也,191.0,86.0,F
キム　スンギュ,187.0,76.0,F
吉丸　絢梓,184.0,70.0,F
徳重　健太,187.0,87.0,F
坪井　湧也,182.0,70.0,F
渡部　博文,186.0,80.0,F
北本　久仁衛,181.0,78.0,F
岩波　拓也,186.0,72.0,F
高橋　峻希,170.0,70.0,F
橋本　和,181.0,72.0,F
東　隼也,176.0,72.0,F
山口　真司,172.0,64.0,F
藤谷　壮,178.0,62.0,F
宮　大樹,186.0,82.0,F
伊野波　雅彦,179.0,74.0,F
小林　友希,183.0,73.0,F
前川　智敬,168.0,66.0,F
右田　楓,175.0,68.0,F
ニウトン,185.0,88.0,F
ウエスクレイ,173.0,69.0,F
藤田　直之,176.0,72.0,F
小林　成豪,176.0,65.0,F
高橋　秀人,184.0,75.0,F
田中　英雄,172.0,65.0,F
松下　佳貴,174.0,67.0,F
三原　雅俊,175.0,67.0,F
大森　晃太郎,167.0,63.0,F
中坂　勇哉,171.0,61.0,F
安井　拓也,172.0,66.0,F
ハーフナー　マイク,195.0,92.0,F
ルーカス　ポドルスキ,182.0,83.0,F
レアンドロ,176.0,70.0,F
小川　慶治朗,170.0,65.0,F
渡邉　千真,182.0,77.0,F
田中　順也,181.0,75.0,F
大槻　周平,178.0,73.0,F
池田　修志,174.0,60.0,F
佐々木　大樹,180.0,74.0,F
原　尊,171.0,68.0,F
東口　順昭,184.0,78.0,F
藤ヶ谷　陽介,185.0,82.0,F
鈴木　椋大,191.0,85.0,F
林　瑞輝,181.0,75.0,F
谷　晃生,187.0,78.0,F
棟方　博文,181.0,70.0,F
三浦　弦太,183.0,77.0,F
ファビオ,186.0,78.0,F
藤春　廣輝,175.0,60.0,F
金　正也,183.0,74.0,F
米倉　恒貴,176.0,68.0,F
オ　ジェソク,178.0,74.0,F
野田　裕喜,181.0,73.0,F
初瀬　亮,175.0,64.0,F
ペ　スヨン,188.0,78.0,F
足立　丈英,184.0,71.0,F
臼井　貫太,173.0,61.0,F
奥井　大貴,165.0,60.0,F
岸田　悠佑,176.0,67.0,F
中島　大雅,178.0,73.0,F
西野　貴治,187.0,73.0,F
河井　哲太,183.0,70.0,F
遠藤　保仁,178.0,75.0,F
井手口　陽介,171.0,71.0,F
倉田　秋,172.0,68.0,F
今野　泰幸,178.0,73.0,F
中原　彰吾,177.0,68.0,F
井出　遥也,171.0,66.0,F
藤本　淳吾,173.0,69.0,F
妹尾　直哉,172.0,60.0,F
森　勇人,173.0,68.0,F
嫁阪　翔太,175.0,63.0,F
高　宇洋,172.0,64.0,F
市丸　瑞希,172.0,60.0,F
泉澤　仁,165.0,63.0,F
梅津　克貴,174.0,57.0,F
高江　麗央,171.0,60.0,F
芝本　蓮,172.0,59.0,F
山下　諒,170.0,60.0,F
足立　翼,176.0,65.0,F
岩本　翔,167.0,54.0,F
奥野　耕平,172.0,64.0,F
アデミウソン,176.0,74.0,F
ファン　ウィジョ,184.0,73.0,F
呉屋　大翔,177.0,68.0,F
長沢　駿,192.0,82.0,F
郡　大夢,184.0,77.0,F
平尾　壮,170.0,68.0,F
一美　和成,181.0,77.0,F
高木　彰人,175.0,65.0,F
食野　亮太郎,171.0,62.0,F
白井　陽斗,170.0,60.0,F
赤崎　秀平,174.0,70.0,F
和田　健太郎,193.0,86.0,F
金山　隼樹,186.0,80.0,F
ク　ソンユン,195.0,82.0,F
杉山　哲,184.0,78.0,F
櫻庭　立樹,192.0,83.0,F
田中　雄大,169.0,68.0,F
増川　隆洋,191.0,93.0,F
上原　慎也,186.0,72.0,F
福森　晃斗,183.0,75.0,F
石川　直樹,180.0,74.0,F
進藤　亮佑,181.0,70.0,F
濱　大耀,182.0,73.0,F
横山　知伸,184.0,75.0,F
河合　竜二,183.0,75.0,F
兵藤　慎剛,172.0,68.0,F
深井　一希,177.0,72.0,F
宮澤　裕樹,182.0,72.0,F
菊地　直哉,181.0,74.0,F
前　寛之,173.0,70.0,F
稲本　潤一,181.0,77.0,F
チャナティップ,158.0,56.0,F
石井　謙伍,178.0,73.0,F
キム　ミンテ,187.0,78.0,F
マセード,173.0,61.0,F
早坂　良太,183.0,73.0,F
荒野　拓馬,180.0,60.0,F
井川　空,178.0,70.0,F
佐藤　大樹,175.0,72.0,F
小野　伸二,175.0,76.0,F
都倉　賢,187.0,80.0,F
ヘイス,182.0,78.0,F
内村　圭宏,174.0,67.0,F
金園　英学,184.0,78.0,F
菅　大輝,171.0,69.0,F
藤村　怜,176.0,68.0,F
ジェイ,190.0,89.0,F
シュミット　ダニエル,196.0,90.0,F
関　憲太郎,178.0,76.0,F
石川　慧,185.0,83.0,F
イ　ユノ,190.0,88.0,F
小畑　裕馬,183.0,78.0,F
田中　勘太,187.0,82.0,F
永戸　勝也,172.0,71.0,F
蜂須賀　孝治,180.0,75.0,F
ヴィニシウス,186.0,84.0,F
平岡　康裕,183.0,70.0,F
大岩　一貴,183.0,78.0,F
小島　雅也,170.0,64.0,F
増嶋　竜也,180.0,74.0,F
奥埜　博亮,171.0,67.0,F
野沢　拓也,176.0,70.0,F
梁　勇基,173.0,72.0,F
金久保　順,171.0,66.0,F
野津田　岳人,176.0,71.0,F
富田　晋伍,169.0,64.0,F
三田　啓貴,173.0,63.0,F
中野　嘉大,176.0,66.0,F
菅井　直樹,178.0,70.0,F
藤村　慶太,182.0,72.0,F
古林　将太,174.0,71.0,F
茂木　駿佑,168.0,64.0,F
椎橋　慧也,177.0,69.0,F
平山　相太,190.0,85.0,F
石原　直樹,173.0,62.0,F
クリスラン,187.0,85.0,F
西村　拓真,178.0,72.0,F
ジャーメイン　良,182.0,75.0,F
大久保　択生,190.0,92.0,F
廣末　陸,183.0,78.0,F
林　彰洋,195.0,91.0,F
大本　竜司,175.0,70.0,F
高瀬　和楠,182.0,77.0,F
波多野　豪,197.0,87.0,F
室屋　成,176.0,68.0,F
森重　真人,183.0,76.0,F
吉本　一謙,185.0,83.0,F
丸山　祐市,184.0,76.0,F
太田　宏介,178.0,78.0,F
チャン　ヒョンス,187.0,77.0,F
徳永　悠平,180.0,77.0,F
小川　諒也,180.0,78.0,F
柳　貴博,184.0,78.0,F
岡崎　慎,181.0,72.0,F
岡庭　愁人,169.0,64.0,F
山田　将之,186.0,75.0,F
草住　晃之介,176.0,67.0,F
長谷川　光基,178.0,69.0,F
米本　拓司,177.0,70.0,F
高萩　洋次郎,183.0,69.0,F
梶山　陽平,180.0,75.0,F
石川　直宏,175.0,70.0,F
平岡　翼,165.0,62.0,F
ユ　インス,177.0,69.0,F
佐々木　渉,174.0,66.0,F
田邉　草民,175.0,68.0,F
内田　宅哉,177.0,68.0,F
寺山　翼,178.0,70.0,F
鈴木　喜丈,182.0,77.0,F
橋本　拳人,181.0,74.0,F
東　慶悟,178.0,72.0,F
平川　怜,175.0,67.0,F
久保　建英,170.0,63.0,F
小林　真鷹,174.0,64.0,F
品田　愛斗,180.0,66.0,F
小林　幹,182.0,72.0,F
リッピ　ヴェローゾ,179.0,76.0,F
ジャキット,173.0,70.0,F
ピーター　ウタカ,181.0,79.0,F
大久保　嘉人,170.0,73.0,F
永井　謙佑,178.0,71.0,F
前田　遼一,183.0,78.0,F
原　大智,187.0,73.0,F
今村　涼一,179.0,62.0,F
西部　洋平,187.0,79.0,F
六反　勇治,188.0,80.0,F
高木和　徹,185.0,81.0,F
梅田　透吾,182.0,76.0,F
植草　裕樹,186.0,80.0,F
新井　栄聡,187.0,84.0,F
犬飼　智也,182.0,77.0,F
カヌ,186.0,83.0,F
鎌田　翔雅,172.0,68.0,F
村松　大輔,176.0,73.0,F
松原　后,182.0,72.0,F
二見　宏志,179.0,75.0,F
飯田　貴敬,179.0,73.0,F
立田　悠悟,189.0,75.0,F
監物　拓歩,189.0,77.0,F
フレイレ,187.0,82.0,F
角田　誠,180.0,78.0,F
伊藤　研太,176.0,62.0,F
清水　航平,169.0,67.0,F
杉山　浩太,177.0,68.0,F
六平　光成,176.0,66.0,F
白崎　凌兵,181.0,70.0,F
河井　陽介,166.0,59.0,F
竹内　涼,173.0,66.0,F
枝村　匠馬,176.0,70.0,F
増田　誓志,179.0,75.0,F
光崎　伸,180.0,75.0,F
新関　成弥,178.0,69.0,F
宮本　優,171.0,69.0,F
滝　裕太,167.0,56.0,F
チアゴ　アウベス,181.0,72.0,F
鄭　大世,181.0,80.0,F
村田　和哉,169.0,64.0,F
長谷川　悠,187.0,78.0,F
ミッチェル　デューク,186.0,84.0,F
北川　航也,180.0,74.0,F
金子　翔太,163.0,58.0,F
平墳　迅,180.0,77.0,F
鈴木　魁人,175.0,68.0,F
林　卓人,188.0,87.0,F
廣永　遼太郎,186.0,82.0,F
中林　洋次,182.0,73.0,F
大迫　敬介,185.0,77.0,F
野上　結貴,180.0,72.0,F
高橋　壮也,170.0,65.0,F
水本　裕貴,183.0,74.0,F
千葉　和彦,183.0,77.0,F
佐々木　翔,176.0,67.0,F
イヨハ　理　ヘンリー,181.0,73.0,F
丹羽　大輝,181.0,72.0,F
椋原　健太,172.0,64.0,F
川井　歩,176.0,63.0,F
青山　敏弘,174.0,75.0,F
茶島　雄介,166.0,60.0,F
森崎　和幸,177.0,75.0,F
フェリペ　シウバ,171.0,76.0,F
ミキッチ,177.0,68.0,F
稲垣　祥,175.0,72.0,F
柏　好文,168.0,62.0,F
丸谷　拓也,179.0,73.0,F
森島　司,173.0,64.0,F
柴崎　晃誠,176.0,65.0,F
松本　泰志,178.0,66.0,F
川村　拓夢,180.0,65.0,F
仙波　大志,164.0,62.0,F
満田　誠,168.0,60.0,F
ネイサン　バーンズ,173.0,70.0,F
皆川　佑介,186.0,84.0,F
宮吉　拓実,172.0,66.0,F
パトリック,189.0,82.0,F
アンデルソン　ロペス,185.0,82.0,F
工藤　壮人,177.0,74.0,F
河田　晃兵,184.0,73.0,F
岡　大生,185.0,75.0,F
岡西　宏祐,186.0,80.0,F
山内　康太,186.0,73.0,F
畑尾　大翔,183.0,79.0,F
山本　英臣,175.0,69.0,F
新里　亮,184.0,70.0,F
エデル　リマ,187.0,73.0,F
松橋　優,173.0,69.0,F
津田　琢磨,179.0,71.0,F
小出　悠太,178.0,76.0,F
熊谷　駿,190.0,84.0,F
阿部　翔平,170.0,72.0,F
入間川　景太,179.0,71.0,F
高野　遼,171.0,68.0,F
島川　俊郎,180.0,75.0,F
石原　克哉,176.0,64.0,F
新井　涼平,183.0,67.0,F
堀米　勇輝,168.0,62.0,F
田中　佑昌,176.0,75.0,F
兵働　昭弘,180.0,73.0,F
道渕　諒平,177.0,74.0,F
若杉　好輝,174.0,64.0,F
黒木　聖仁,180.0,72.0,F
曽根田　穣,171.0,69.0,F
橋爪　勇樹,175.0,65.0,F
保坂　一成,172.0,63.0,F
小椋　祥平,175.0,67.0,F
ドゥドゥ,180.0,75.0,F
河本　明人,174.0,71.0,F
森　晃太,175.0,69.0,F
ビリー,188.0,85.0,F
リンス,172.0,69.0,F
大谷　幸輝,186.0,90.0,F
守田　達弥,191.0,87.0,F
川浪　吾郎,193.0,84.0,F
稲田　康志,187.0,84.0,F
大野　和成,180.0,75.0,F
ソン　ジュフン,190.0,83.0,F
前野　貴徳,172.0,64.0,F
矢野　貴章,187.0,78.0,F
川口　尚紀,177.0,72.0,F
長谷川　巧,179.0,68.0,F
酒井　高聖,183.0,78.0,F
堀米　悠斗,168.0,64.0,F
山賀　和輝,180.0,70.0,F
大武　峻,189.0,86.0,F
富澤　清太郎,181.0,75.0,F
磯村　亮太,182.0,73.0,F
小泉　慶,173.0,70.0,F
チアゴ　ガリャルド,183.0,75.0,F
加藤　大,175.0,70.0,F
本間　勲,173.0,67.0,F
伊藤　優汰,172.0,67.0,F
成岡　翔,175.0,70.0,F
端山　豪,176.0,70.0,F
酒井　宣福,179.0,82.0,F
森　俊介,175.0,73.0,F
ロメロ　フランク,177.0,77.0,F
原　輝綺,178.0,70.0,F
本間　至恩,161.0,48.0,F
小川　佳純,173.0,67.0,F
ホニ,170.0,65.0,F
山崎　亮平,173.0,76.0,F
ドウグラス　タンキ,188.0,92.0,F
田中　達也,167.0,63.0,F
河田　篤秀,177.0,77.0,F
渡邉　新太,170.0,66.0,F
富山　貴光,180.0,73.0,F
加藤　順大,180.0,79.0,F
塩田　仁史,185.0,83.0,F
加藤　有輝,187.0,79.0,F
松井　謙弥,187.0,72.0,F
菊地　光将,182.0,72.0,F
河本　裕之,183.0,72.0,F
山越　康平,183.0,78.0,F
河面　旺成,183.0,75.0,F
渡部　大輔,170.0,67.0,F
奥井　諒,169.0,62.0,F
大屋　翼,180.0,79.0,F
和田　拓也,170.0,63.0,F
高山　和真,179.0,72.0,F
キム　ドンス,188.0,82.0,F
江坂　任,175.0,67.0,F
大山　啓輔,174.0,62.0,F
マテウス,167.0,69.0,F
横谷　繁,179.0,71.0,F
金澤　慎,174.0,67.0,F
黒川　淳史,170.0,60.0,F
長谷川　アーリアジャスール,186.0,76.0,F
カウエ,186.0,84.0,F
山田　陸,176.0,72.0,F
茨田　陽生,173.0,69.0,F
瀬川　祐輔,170.0,67.0,F
奥抜　侃志,171.0,60.0,F
岩上　祐三,170.0,69.0,F
大前　元紀,167.0,68.0,F
播戸　竜二,171.0,67.0,F
清水　慎太郎,176.0,73.0,F
マルセロ　トスカーノ,184.0,83.0,F
玉鷲 一朗,188.0,174.0,R
旭秀鵬 滉規,190.0,147.0,R
朝乃山 英樹,188.0,165.0,R
豪風 旭,171.0,150.0,R
大砂嵐 金太郎,189.0,152.0,R
誉富士 歓之,180.0,166.0,R
阿炎 政虎,187.0,132.0,R
臥牙丸 勝,185.0,194.0,R
琴奨菊 和弘,180.0,178.0,R
北勝富士 大輝,185.0,160.0,R
嘉風 雅継,177.0,145.0,R
天風 健人,185.0,202.0,R
千代大龍 秀政,182.0,190.0,R
荒鷲 毅,185.0,135.0,R
錦木 徹也,186.0,176.0,R
竜電 剛至,190.0,149.0,R
逸ノ城 駿,191.0,206.0,R
照ノ富士 春雄,192.0,187.0,R
輝 大士,193.0,160.0,R
稀勢の里 寛,187.0,184.0,R
阿武咲 奎也,176.0,165.0,R
大栄翔 勇人,182.0,154.0,R
大成道 喜悌,177.0,136.0,R
白鵬 翔,192.0,157.0,R
豪栄道 豪太郎,183.0,161.0,R
大奄美 元規,185.0,186.0,R
貴景勝 光信,175.0,168.0,R
栃ノ心 剛史,191.0,173.0,R
日馬富士 公平,186.0,137.0,R
貴源治 賢,191.0,160.0,R
隠岐の海 歩,188.0,165.0,R
東龍 強,190.0,156.0,R
松鳳山 裕也,178.0,140.0,R
千代の国 憲輝,183.0,143.0,R
旭大星 託也,184.0,145.0,R
勢 翔太,193.0,172.0,R
佐田の海 貴士,182.0,145.0,R
豊山 亮太,184.0,179.0,R
琴恵光 充憲,176.0,134.0,R
隆の勝 伸明,183.0,150.0,R
鶴竜 力三郎,186.0,158.0,R
剣翔 桃太郎,184.0,171.0,R
蒼国来 栄吉,185.0,140.0,R
石浦 将勝,173.0,120.0,R
山口 雅弘,181.0,158.0,R
碧山 亘右,191.0,197.0,R
御嶽海 久司,179.0,161.0,R
千代丸 一樹,179.0,191.0,R
妙義龍 泰成,186.0,149.0,R
豊響 隆太,185.0,181.0,R
宝富士 大輔,185.0,171.0,R
千代鳳 祐樹,178.0,181.0,R
大翔丸 翔伍,174.0,156.0,R
貴ノ岩 義司,182.0,150.0,R
宇良 和輝,172.0,135.0,R
英乃海 拓也,185.0,160.0,R
矢後 太規,186.0,176.0,R
明生 力,178.0,146.0,R
魁聖 一郎,195.0,192.0,R
高安 晃,185.0,182.0,R
栃煌山 雄一郎,187.0,152.0,R
千代翔馬 富士雄,184.0,136.0,R
正代 直也,184.0,162.0,R
遠藤 聖大,183.0,153.0,R
千代ノ皇 王代仁,179.0,151.0,R
徳勝龍 誠,181.0,180.0,R
青狼 武士,185.0,141.0,R
照強 翔輝,168.0,115.0,R
琴勇輝 一巖,176.0,174.0,R
安美錦 竜児,184.0,142.0,R
